{
  "train_losses": [
    11305.498123241261,
    9442.502392809538,
    9107.798956559167
  ],
  "val_losses": [
    9566.9208984375,
    8998.767302817487,
    8769.759890292553
  ],
  "train_recon_losses": [
    11040.911521586197,
    9116.373521850008,
    8794.383974771365
  ],
  "train_kl_losses": [
    529.1731883329803,
    652.2577362060547,
    626.8299726151743
  ],
  "val_recon_losses": [
    9242.654499459773,
    8708.647564827128,
    8494.05070333278
  ],
  "val_kl_losses": [
    648.5328810671542,
    580.2394759807181,
    551.4184752119348
  ]
}